order_id,order_date,customer_id,product_category,product_name,region,sales_channel,quantity,unit_price,discount_pct,order_status
1001,2024-01-05,C-1001,Electronics,Laptop Pro,North,Online,2,1400,0.10,Completed
1002,2024-01-07,C-1002,Home,Air Purifier,West,Online,3,240,0.15,Completed
1003,2024-01-12,C-1003,Fashion,Running Shoes,South,Store,4,120,0.08,Completed
1004,2024-01-18,C-1004,Electronics,Noise Cancelling Headphones,East,Online,5,180,0.12,Completed
1005,2024-02-03,C-1005,Beauty,Skincare Kit,North,Online,2,95,0.10,Completed
1006,2024-02-11,C-1006,Home,Smart Thermostat,West,Store,1,320,0.05,Completed
1007,2024-02-16,C-1007,Electronics,Smartwatch,South,Online,3,260,0.10,Completed
1008,2024-02-22,C-1008,Fashion,Office Chair,East,Store,2,190,0.08,Completed
1009,2024-03-01,C-1009,Beauty,Hair Dryer,North,Online,6,70,0.18,Completed
1010,2024-03-09,C-1010,Home,Robot Vacuum,West,Online,1,430,0.12,Completed
1011,2024-03-14,C-1011,Electronics,4K Monitor,South,Store,2,420,0.09,Completed
1012,2024-03-21,C-1012,Beauty,Perfume Set,East,Online,3,150,0.15,Completed
1013,2024-04-02,C-1013,Electronics,Laptop Pro,North,Store,1,1400,0.15,Completed
1014,2024-04-10,C-1014,Fashion,Leather Jacket,West,Online,2,260,0.20,Completed
1015,2024-04-17,C-1015,Home,Air Fryer,South,Store,4,180,0.10,Completed
1016,2024-04-27,C-1016,Beauty,Face Serum,East,Online,5,80,0.12,Completed
1017,2024-05-05,C-1017,Electronics,Tablet,North,Online,3,500,0.12,Completed
1018,2024-05-13,C-1018,Home,Pressure Cooker,West,Store,2,170,0.10,Completed
1019,2024-05-21,C-1019,Fashion,Premium Backpack,South,Online,7,110,0.08,Completed
1020,2024-05-28,C-1020,Electronics,Wireless Speaker,East,Store,4,120,0.15,Completed
1021,2024-06-04,C-1021,Beauty,Body Lotion,North,Online,6,45,0.10,Completed
1022,2024-06-11,C-1022,Home,Espresso Machine,West,Online,2,390,0.18,Completed
1023,2024-06-19,C-1023,Electronics,Gaming Console,South,Store,1,550,0.14,Completed
1024,2024-06-24,C-1024,Fashion,Sneakers,East,Online,5,140,0.10,Completed
1025,2024-07-02,C-1025,Beauty,Makeup Bundle,North,Store,3,100,0.12,Completed
1026,2024-07-07,C-1026,Home,Water Filter,West,Online,2,220,0.15,Completed
1027,2024-07-16,C-1027,Electronics,USB-C Dock,South,Store,8,90,0.08,Completed
1028,2024-07-23,C-1028,Fashion,Desk Lamp,East,Online,4,80,0.05,Completed
1029,2024-08-05,C-1029,Beauty,Electric Shaver,North,Online,1,200,0.20,Completed
1030,2024-08-16,C-1030,Home,Standing Desk,West,Store,1,680,0.10,Completed
1031,2024-08-21,C-1031,Electronics,Webcam,South,Online,6,110,0.15,Completed
1032,2024-08-29,C-1032,Fashion,Travel Bag,East,Store,3,130,0.12,Completed
1033,2024-09-04,C-1033,Beauty,Premium Candle Set,North,Online,2,75,0.18,Completed
1034,2024-09-12,C-1034,Home,Ceiling Fan,West,Online,3,190,0.10,Completed
1035,2024-09-18,C-1035,Electronics,Wireless Charger,South,Store,5,60,0.05,Completed
1036,2024-09-24,C-1036,Fashion,Casual Blazer,East,Online,2,210,0.15,Completed
1037,2024-10-03,C-1037,Beauty,Skin Analyzer,North,Store,2,260,0.12,Completed
1038,2024-10-10,C-1038,Home,Air Fryer,West,Online,4,180,0.15,Completed
1039,2024-10-20,C-1039,Electronics,Smartwatch,South,Store,2,260,0.08,Completed
1040,2024-10-27,C-1040,Fashion,Winter Coat,East,Online,1,300,0.18,Completed
1041,2024-11-04,C-1041,Beauty,Hair Straightener,North,Online,4,150,0.10,Completed
1042,2024-11-12,C-1042,Home,Dehumidifier,West,Store,1,230,0.14,Completed
1043,2024-11-18,C-1043,Electronics,Projector,South,Online,2,720,0.10,Completed
1044,2024-11-26,C-1044,Fashion,Formal Shirt,East,Store,3,90,0.08,Completed
1045,2024-12-02,C-1045,Beauty,Gift Box,North,Online,8,65,0.16,Completed
1046,2024-12-07,C-1046,Home,Massage Gun,West,Online,2,240,0.20,Completed
1047,2024-12-15,C-1047,Electronics,Monitor Arm,South,Store,4,120,0.12,Completed
1048,2024-12-28,C-1048,Fashion,Winter Boots,East,Online,3,200,0.10,Completed
